{"val_loss":{"0":89.915389632,"1":21.1864113885,"2":128.0356001704,"3":32.6859701067,"4":176.9015746365,"5":45.0832425807,"6":13.6820597093,"7":110.778874403,"8":9.3497894911,"9":77.3227584701},"val_recall_2":{"0":0.9105691314,"1":0.8516260386,"2":0.8008130193,"3":0.6646341681,"4":0.8983739614,"5":0.9410569072,"6":0.9065040946,"7":0.8434959054,"8":0.8821138144,"9":0.8394308686},"val_accuracy":{"0":0.9115853906,"1":0.8516260386,"2":0.8018292785,"3":0.6432926655,"4":0.9146341681,"5":0.8983739614,"6":0.901422739,"7":0.8851625919,"8":0.8912601471,"9":0.8851625919},"loss":{"0":682.3841307614,"1":381.1288867624,"2":90.2021830079,"3":183.2035938887,"4":37.8600063166,"5":112.8037277662,"6":73.0289057156,"7":15.7495739861,"8":26.0639711717,"9":10.6571444905},"recall_2":{"0":0.7652749419,"1":0.8080447912,"2":0.8350305557,"3":0.8258655667,"4":0.8508146405,"5":0.8182281256,"6":0.8579429984,"7":0.8681262732,"8":0.8671079278,"9":0.8818737268},"accuracy":{"0":0.7665478587,"1":0.8077902198,"2":0.836558044,"3":0.8210285306,"4":0.8299388885,"5":0.8431771994,"6":0.8469959497,"7":0.8704175353,"8":0.854124248,"9":0.881364584}}