{"val_loss":{"0":1.2432571825,"1":1.5654172438,"2":0.1310049592,"3":0.4826678984,"4":1.745602469,"5":0.9640005866,"6":3.1124259782,"7":1.995970702,"8":0.0655908866,"9":0.0225666851},"val_recall_3":{"0":0.9863325953,"1":0.3291571736,"2":0.9806377888,"3":0.8804100156,"4":0.8986332417,"5":0.3952164054,"6":0.0956719816,"7":0.994305253,"8":0.9783599377,"9":0.9988610744},"val_accuracy":{"0":0.9920273423,"1":0.2779043317,"2":0.9789294004,"3":0.7340546846,"4":0.4914578497,"5":0.5888382792,"6":0.1958997697,"7":0.5973803997,"8":0.9880409837,"9":0.9982915521},"loss":{"0":9.041269756,"1":1.6564270535,"2":0.7488858932,"3":0.6794337201,"4":0.5586186687,"5":0.5443961574,"6":1.8343074925,"7":1.4511493778,"8":1.7043218098,"9":0.1071976272},"recall_3":{"0":0.8640250564,"1":0.9079247713,"2":0.9361459613,"3":0.9435575604,"4":0.9472634196,"5":0.9552451372,"6":0.942987442,"7":0.9381414056,"8":0.942987442,"9":0.9851767421},"accuracy":{"0":0.8643101454,"1":0.9103477597,"2":0.936573565,"3":0.9425598383,"4":0.9494013786,"5":0.9541049004,"6":0.9437001348,"7":0.9394241571,"8":0.9415621161,"9":0.9834663868}}