{"val_loss":{"0":0.917036356,"1":0.4657277931,"2":0.3045475689,"3":0.340156875,"4":0.3173602003,"5":0.3205309279,"6":0.2634826642,"7":0.2465090453,"8":0.2946900099,"9":0.2493114391},"val_recall_2":{"0":0.025056947,"1":0.8223234415,"2":0.9214122891,"3":0.8929384947,"4":0.9179954529,"5":0.9191343784,"6":0.9635535479,"7":0.9715262055,"8":0.9681093097,"9":0.9715262055},"val_accuracy":{"0":0.0125284735,"1":0.8314350843,"2":0.9225512743,"3":0.9014806151,"4":0.928815484,"5":0.9339407682,"6":0.9635535479,"7":0.9720956683,"8":0.9664009213,"9":0.9720956683},"loss":{"0":0.8430065538,"1":0.5473361417,"2":0.2966042056,"3":0.2399738071,"4":0.2256650384,"5":0.2068997297,"6":0.1983049198,"7":0.190232534,"8":0.1765267103,"9":0.168804685},"recall_2":{"0":0.622576952,"1":0.7887685299,"2":0.9016533494,"3":0.910490334,"4":0.9164766073,"5":0.9264538288,"6":0.9293044209,"7":0.934150517,"8":0.938711524,"9":0.9412770867},"accuracy":{"0":0.5811003447,"1":0.7891961336,"2":0.9015108347,"3":0.9109178782,"4":0.9186145663,"5":0.9270239472,"6":0.9291619062,"7":0.9348631501,"8":0.9388540387,"9":0.9407069683}}