{"val_loss":{"0":0.4935863105,"1":0.6827150118,"2":0.1316844189,"3":0.2259461434},"val_recall_1":{"0":0.9407745004,"1":0.9533029795,"2":0.9851936102,"3":0.9453303218},"val_accuracy":{"0":0.9356492162,"1":0.9533029795,"2":0.9897494316,"3":0.9407745004},"loss":{"0":0.7726917484,"1":0.1963861783,"2":0.2128364788,"3":0.1492251064},"recall_1":{"0":0.877137959,"1":0.9381414056,"2":0.938426435,"3":0.9498289824},"accuracy":{"0":0.865877986,"1":0.9379988313,"2":0.9395667315,"3":0.9495438933}}